ID,X,Y
0,4.70754,51.9527
1,4.88334,52.0469
2,4.99334,52.1469
3,4.88334,52.0469